task	size
FloatOneSource_103	13
DUPLICATE_Splitter_182	3
LowPassFilter_111	6
LowPassFilter_112	6
WEIGHTED_ROUND_ROBIN_Joiner_183	4
DUPLICATE_Splitter_184	3
LowPassFilter_118	6
LowPassFilter_119	6
WEIGHTED_ROUND_ROBIN_Joiner_185	4
DUPLICATE_Splitter_186	3
LowPassFilter_125	6
LowPassFilter_126	6
WEIGHTED_ROUND_ROBIN_Joiner_187	4
DUPLICATE_Splitter_188	3
LowPassFilter_132	6
LowPassFilter_133	6
WEIGHTED_ROUND_ROBIN_Joiner_189	4
DUPLICATE_Splitter_190	3
LowPassFilter_139	6
LowPassFilter_140	6
WEIGHTED_ROUND_ROBIN_Joiner_191	4
DUPLICATE_Splitter_192	3
LowPassFilter_146	6
LowPassFilter_147	6
WEIGHTED_ROUND_ROBIN_Joiner_193	4
DUPLICATE_Splitter_194	3
LowPassFilter_153	6
LowPassFilter_154	5
WEIGHTED_ROUND_ROBIN_Joiner_195	5
DUPLICATE_Splitter_196	2
LowPassFilter_160	7
LowPassFilter_161	5
WEIGHTED_ROUND_ROBIN_Joiner_197	4
DUPLICATE_Splitter_198	2
LowPassFilter_167	7
LowPassFilter_168	5
WEIGHTED_ROUND_ROBIN_Joiner_199	4
DUPLICATE_Splitter_200	4
LowPassFilter_174	6
LowPassFilter_175	5
WEIGHTED_ROUND_ROBIN_Joiner_201	4
WEIGHTED_ROUND_ROBIN_Joiner_181	4
